Id, Name, Age ,Photo,Map
1,John Doe, 40,https://drive.google.com/file/d/1IvsmqH1V6uRvQ71nPM8vRs0kLQu3A4IN/view?usp=sharing,https://maps.app.goo.gl/3VuszfPfj9Vz25qeA
2,pbestech, 41,https://drive.google.com/file/d/1IvsmqH1V6uRvQ71nPM8vRs0kLQu3A4IN/view?usp=sharing,https://maps.app.goo.gl/3VuszfPfj9Vz25qeA
3,Voldermor5,71,https://drive.google.com/file/d/1IvsmqH1V6uRvQ71nPM8vRs0kLQu3A4IN/view?usp=sharing,https://maps.app.goo.gl/3VuszfPfj9Vz25qeA
4,Joe Biden, 80,https://drive.google.com/file/d/1IvsmqH1V6uRvQ71nPM8vRs0kLQu3A4IN/view?usp=sharing,https://maps.app.goo.gl/3VuszfPfj9Vz25qeA
5, Ryo Hanamига, 35,https://drive.google.com/file/d/1IvsmqH1V6uRvQ71nPM8vRs0kLQu3A4IN/view?usp=sharing,https://maps.app.goo.gl/3VuszfPfj9Vz25qeA